,precision,recall,f1-score,support
0,0.8059701492537313,0.8307692307692308,0.8181818181818182,130.0
1,0.6666666666666666,0.6285714285714286,0.6470588235294118,70.0
accuracy,0.76,0.76,0.76,0.76
macro avg,0.736318407960199,0.7296703296703297,0.732620320855615,200.0
weighted avg,0.7572139303482587,0.76,0.7582887700534761,200.0
